{
  "real_19_21": {
    "cos_matched": 0.39623144268989563,
    "cos_shuffled": 0.2234896421432495,
    "cos_null_texts": 0.37989750504493713,
    "cos_recon_subtraction_baseline": 0.11448459327220917,
    "retrieval_top1": 0.2849162011173184,
    "retrieval_median_rank": 9,
    "n_ok": 179,
    "cos_when_verdict_different": 0.41693833470344543,
    "cos_when_verdict_same": 0.3809525668621063,
    "frac_positive": 1.0
  },
  "real_18_22": {
    "cos_matched": 0.4250844120979309,
    "cos_shuffled": 0.2440691590309143,
    "cos_null_texts": 0.3967778980731964,
    "cos_recon_subtraction_baseline": 0.1147540807723999,
    "retrieval_top1": 0.34269662921348315,
    "retrieval_median_rank": 4,
    "n_ok": 178,
    "cos_when_verdict_different": 0.4416184425354004,
    "cos_when_verdict_same": 0.40339696407318115,
    "frac_positive": 1.0
  }
}