{
  "L0": {
    "layer": 0,
    "cos_same_layer": 0.06532257767588211,
    "cos_vs_L20": 0.3666282987429036,
    "cos_shuffled": -0.008459537406128623,
    "vec_cos_to_L20": 0.04427900685679763,
    "tag_ok_frac": 1.0,
    "cjk_frac": 0.22777777777777777,
    "mean_norm": 0.9283406734466553,
    "fve_nrm": -0.9733022451400757,
    "fve_shuffled": -1.1290718892376952,
    "mean_unit_norm_sq": 0.05267684906721115,
    "fve_ci95": [
      -1.0028942465782165,
      -0.9692858397960663
    ],
    "cos_ci95": [
      0.05836345264688134,
      0.07268201187252998
    ]
  },
  "L4": {
    "layer": 4,
    "cos_same_layer": 0.5064955741167069,
    "cos_vs_L20": 0.6220183963576953,
    "cos_shuffled": 0.1881616414628095,
    "vec_cos_to_L20": 0.4363059327834182,
    "tag_ok_frac": 1.0,
    "cjk_frac": 0.0,
    "mean_norm": 27.800060272216797,
    "fve_nrm": -0.3145897388458252,
    "fve_shuffled": -1.1625628623045356,
    "mean_unit_norm_sq": 0.249188631772995,
    "fve_ci95": [
      -0.3471482515335083,
      -0.3018829315900803
    ],
    "cos_ci95": [
      0.49418110623955724,
      0.5182494059205055
    ]
  },
  "L8": {
    "layer": 8,
    "cos_same_layer": 0.6070420520173179,
    "cos_vs_L20": 0.7475092008709907,
    "cos_shuffled": 0.20116218750675519,
    "vec_cos_to_L20": 0.5880471433202425,
    "tag_ok_frac": 1.0,
    "cjk_frac": 0.0,
    "mean_norm": 48.25123596191406,
    "fve_nrm": 0.02356696128845215,
    "fve_shuffled": -0.9849745935516256,
    "mean_unit_norm_sq": 0.19511529803276062,
    "fve_ci95": [
      -0.0015745788812637329,
      0.033906109631061554
    ],
    "cos_ci95": [
      0.597088435292244,
      0.6169117748737335
    ]
  },
  "L10": {
    "layer": 10,
    "cos_same_layer": 0.6419345272911919,
    "cos_vs_L20": 0.8000683608982299,
    "cos_shuffled": 0.22007470964971515,
    "vec_cos_to_L20": 0.6447869737943014,
    "tag_ok_frac": 1.0,
    "cjk_frac": 0.005555555555555556,
    "mean_norm": 56.325782775878906,
    "fve_nrm": 0.08794265985488892,
    "fve_shuffled": -0.9866100647565434,
    "mean_unit_norm_sq": 0.21481792628765106,
    "fve_ci95": [
      0.06613601446151733,
      0.09586569666862488
    ],
    "cos_ci95": [
      0.6329845309257507,
      0.6503315970301629
    ]
  },
  "L12": {
    "layer": 12,
    "cos_same_layer": 0.6875130464633306,
    "cos_vs_L20": 0.8261696855227153,
    "cos_shuffled": 0.23078413162794378,
    "vec_cos_to_L20": 0.7161314096715715,
    "tag_ok_frac": 1.0,
    "cjk_frac": 0.0,
    "mean_norm": 60.43708038330078,
    "fve_nrm": 0.20551568269729614,
    "fve_shuffled": -0.9556966272718617,
    "mean_unit_norm_sq": 0.21335871517658234,
    "fve_ci95": [
      0.18553685396909714,
      0.21310363858938217
    ],
    "cos_ci95": [
      0.6796611994504929,
      0.6949802860617638
    ]
  },
  "L14": {
    "layer": 14,
    "cos_same_layer": 0.7188674022754034,
    "cos_vs_L20": 0.8387643529309167,
    "cos_shuffled": 0.24091470978326268,
    "vec_cos_to_L20": 0.7690113736523523,
    "tag_ok_frac": 1.0,
    "cjk_frac": 0.0,
    "mean_norm": 65.46856689453125,
    "fve_nrm": 0.28303587436676025,
    "fve_shuffled": -0.9358720999951948,
    "mean_unit_norm_sq": 0.2157692015171051,
    "fve_ci95": [
      0.2634409382939339,
      0.2912656217813492
    ],
    "cos_ci95": [
      0.7120562463998794,
      0.7253150567412376
    ]
  },
  "L16": {
    "layer": 16,
    "cos_same_layer": 0.7549956884649065,
    "cos_vs_L20": 0.8447125418318643,
    "cos_shuffled": 0.2660431354410119,
    "vec_cos_to_L20": 0.8256851934724384,
    "tag_ok_frac": 1.0,
    "cjk_frac": 0.0,
    "mean_norm": 74.7071304321289,
    "fve_nrm": 0.3439478874206543,
    "fve_shuffled": -0.9653273876579764,
    "mean_unit_norm_sq": 0.2530945837497711,
    "fve_ci95": [
      0.3243682399392128,
      0.3528663396835327
    ],
    "cos_ci95": [
      0.7476447507739067,
      0.7619418695569038
    ]
  },
  "L17": {
    "layer": 17,
    "cos_same_layer": 0.7612626436683867,
    "cos_vs_L20": 0.8462505479653676,
    "cos_shuffled": 0.26823563675085704,
    "vec_cos_to_L20": 0.8465071426497566,
    "tag_ok_frac": 1.0,
    "cjk_frac": 0.011111111111111112,
    "mean_norm": 77.45946502685547,
    "fve_nrm": 0.36009591817855835,
    "fve_shuffled": -0.9613977008489984,
    "mean_unit_norm_sq": 0.2538338005542755,
    "fve_ci95": [
      0.3411123096942902,
      0.36884324401617047
    ],
    "cos_ci95": [
      0.7537839114665985,
      0.7685538902878761
    ]
  },
  "L18": {
    "layer": 18,
    "cos_same_layer": 0.770799367626508,
    "cos_vs_L20": 0.8456440256701575,
    "cos_shuffled": 0.2643024323301183,
    "vec_cos_to_L20": 0.8709998216893938,
    "tag_ok_frac": 1.0,
    "cjk_frac": 0.005555555555555556,
    "mean_norm": 80.64087677001953,
    "fve_nrm": 0.3913121223449707,
    "fve_shuffled": -0.9537903163135051,
    "mean_unit_norm_sq": 0.2469022274017334,
    "fve_ci95": [
      0.37215332984924315,
      0.400593526661396
    ],
    "cos_ci95": [
      0.7629045784473419,
      0.7784169465303421
    ]
  },
  "L19": {
    "layer": 19,
    "cos_same_layer": 0.8029273943768607,
    "cos_vs_L20": 0.8489603545930651,
    "cos_shuffled": 0.2698345541540119,
    "vec_cos_to_L20": 0.9211808999379476,
    "tag_ok_frac": 1.0,
    "cjk_frac": 0.016666666666666666,
    "mean_norm": 86.91022491455078,
    "fve_nrm": 0.4743812084197998,
    "fve_shuffled": -0.9474471096557979,
    "mean_unit_norm_sq": 0.25013062357902527,
    "fve_ci95": [
      0.4565583154559135,
      0.4834560364484787
    ],
    "cos_ci95": [
      0.7948019251227378,
      0.8106136322021484
    ]
  },
  "L20": {
    "layer": 20,
    "cos_same_layer": 0.8546643671062257,
    "cos_vs_L20": 0.8546643671062257,
    "cos_shuffled": 0.2905853317015701,
    "vec_cos_to_L20": 1.0000000059604646,
    "tag_ok_frac": 1.0,
    "cjk_frac": 0.016666666666666666,
    "mean_norm": 104.19120788574219,
    "fve_nrm": 0.6014148592948914,
    "fve_shuffled": -0.9455790721674642,
    "mean_unit_norm_sq": 0.27074187994003296,
    "fve_ci95": [
      0.5839334264397621,
      0.6115506917238236
    ],
    "cos_ci95": [
      0.8471760988235474,
      0.8617529839277267
    ]
  },
  "L21": {
    "layer": 21,
    "cos_same_layer": 0.9018349849515491,
    "cos_vs_L20": 0.8534970594777002,
    "cos_shuffled": 0.28785022269520494,
    "vec_cos_to_L20": 0.9296618524524901,
    "tag_ok_frac": 1.0,
    "cjk_frac": 0.0,
    "mean_norm": 122.85346221923828,
    "fve_nrm": 0.7332395315170288,
    "fve_shuffled": -0.9352430516468173,
    "mean_unit_norm_sq": 0.2640203535556793,
    "fve_ci95": [
      0.7174679100513458,
      0.7442713677883148
    ],
    "cos_ci95": [
      0.8954574316740036,
      0.9078681141138076
    ]
  },
  "L22": {
    "layer": 22,
    "cos_same_layer": 0.8497970120774375,
    "cos_vs_L20": 0.8449885523981518,
    "cos_shuffled": 0.28588568601343367,
    "vec_cos_to_L20": 0.860036058889495,
    "tag_ok_frac": 1.0,
    "cjk_frac": 0.005555555555555556,
    "mean_norm": 151.87156677246094,
    "fve_nrm": 0.5927621722221375,
    "fve_shuffled": -0.936140984767214,
    "mean_unit_norm_sq": 0.26233235001564026,
    "fve_ci95": [
      0.5726838245987892,
      0.6054642826318741
    ],
    "cos_ci95": [
      0.8414596691727638,
      0.8577429458498955
    ]
  },
  "L23": {
    "layer": 23,
    "cos_same_layer": 0.7993090324931674,
    "cos_vs_L20": 0.8398311545451482,
    "cos_shuffled": 0.282435830268595,
    "vec_cos_to_L20": 0.7904857314295239,
    "tag_ok_frac": 1.0,
    "cjk_frac": 0.005555555555555556,
    "mean_norm": 189.55299377441406,
    "fve_nrm": 0.4483708143234253,
    "fve_shuffled": -0.9723315369860124,
    "mean_unit_norm_sq": 0.2723696529865265,
    "fve_ci95": [
      0.42727753072977065,
      0.4588724970817566
    ],
    "cos_ci95": [
      0.7900602325797081,
      0.8075888976454735
    ]
  },
  "L24": {
    "layer": 24,
    "cos_same_layer": 0.7456168880065283,
    "cos_vs_L20": 0.8293836464484533,
    "cos_shuffled": 0.2910954797019561,