{
  "L0": {
    "layer": 0,
    "cos_same_layer": 0.06532257767588211,
    "cos_vs_L20": 0.3666282987429036,
    "cos_shuffled": -0.008459537406128623,
    "vec_cos_to_L20": 0.04427900685679763,
    "tag_ok_frac": 1.0,
    "cjk_frac": 0.22777777777777777,
    "mean_norm": 0.9283406734466553
  },
  "L4": {
    "layer": 4,
    "cos_same_layer": 0.5064955741167069,
    "cos_vs_L20": 0.6220183963576953,
    "cos_shuffled": 0.1881616414628095,
    "vec_cos_to_L20": 0.4363059327834182,
    "tag_ok_frac": 1.0,
    "cjk_frac": 0.0,
    "mean_norm": 27.800060272216797
  },
  "L8": {
    "layer": 8,
    "cos_same_layer": 0.6070420520173179,
    "cos_vs_L20": 0.7475092008709907,
    "cos_shuffled": 0.20116218750675519,
    "vec_cos_to_L20": 0.5880471433202425,
    "tag_ok_frac": 1.0,
    "cjk_frac": 0.0,
    "mean_norm": 48.25123596191406
  },
  "L10": {
    "layer": 10,
    "cos_same_layer": 0.6419345272911919,
    "cos_vs_L20": 0.8000683608982299,
    "cos_shuffled": 0.22007470964971515,
    "vec_cos_to_L20": 0.6447869737943014,
    "tag_ok_frac": 1.0,
    "cjk_frac": 0.005555555555555556,
    "mean_norm": 56.325782775878906
  },
  "L12": {
    "layer": 12,
    "cos_same_layer": 0.6875130464633306,
    "cos_vs_L20": 0.8261696855227153,
    "cos_shuffled": 0.23078413162794378,
    "vec_cos_to_L20": 0.7161314096715715,
    "tag_ok_frac": 1.0,
    "cjk_frac": 0.0,
    "mean_norm": 60.43708038330078
  },
  "L14": {
    "layer": 14,
    "cos_same_layer": 0.7188674022754034,
    "cos_vs_L20": 0.8387643529309167,
    "cos_shuffled": 0.24091470978326268,
    "vec_cos_to_L20": 0.7690113736523523,
    "tag_ok_frac": 1.0,
    "cjk_frac": 0.0,
    "mean_norm": 65.46856689453125
  },
  "L16": {
    "layer": 16,
    "cos_same_layer": 0.7549956884649065,
    "cos_vs_L20": 0.8447125418318643,
    "cos_shuffled": 0.2660431354410119,
    "vec_cos_to_L20": 0.8256851934724384,
    "tag_ok_frac": 1.0,
    "cjk_frac": 0.0,
    "mean_norm": 74.7071304321289
  },
  "L17": {
    "layer": 17,
    "cos_same_layer": 0.7612626436683867,
    "cos_vs_L20": 0.8462505479653676,
    "cos_shuffled": 0.26823563675085704,
    "vec_cos_to_L20": 0.8465071426497566,
    "tag_ok_frac": 1.0,
    "cjk_frac": 0.011111111111111112,
    "mean_norm": 77.45946502685547
  },
  "L18": {
    "layer": 18,
    "cos_same_layer": 0.770799367626508,
    "cos_vs_L20": 0.8456440256701575,
    "cos_shuffled": 0.2643024323301183,
    "vec_cos_to_L20": 0.8709998216893938,
    "tag_ok_frac": 1.0,
    "cjk_frac": 0.005555555555555556,
    "mean_norm": 80.64087677001953
  },
  "L19": {
    "layer": 19,
    "cos_same_layer": 0.8029273943768607,
    "cos_vs_L20": 0.8489603545930651,
    "cos_shuffled": 0.2698345541540119,
    "vec_cos_to_L20": 0.9211808999379476,
    "tag_ok_frac": 1.0,
    "cjk_frac": 0.016666666666666666,
    "mean_norm": 86.91022491455078
  },
  "L20": {
    "layer": 20,
    "cos_same_layer": 0.8546643671062257,
    "cos_vs_L20": 0.8546643671062257,
    "cos_shuffled": 0.2905853317015701,
    "vec_cos_to_L20": 1.0000000059604646,
    "tag_ok_frac": 1.0,
    "cjk_frac": 0.016666666666666666,
    "mean_norm": 104.19120788574219
  },
  "L21": {
    "layer": 21,
    "cos_same_layer": 0.9018349849515491,
    "cos_vs_L20": 0.8534970594777002,
    "cos_shuffled": 0.28785022269520494,
    "vec_cos_to_L20": 0.9296618524524901,
    "tag_ok_frac": 1.0,
    "cjk_frac": 0.0,
    "mean_norm": 122.85346221923828
  },
  "L22": {
    "layer": 22,
    "cos_same_layer": 0.8497970120774375,
    "cos_vs_L20": 0.8449885523981518,
    "cos_shuffled": 0.28588568601343367,
    "vec_cos_to_L20": 0.860036058889495,
    "tag_ok_frac": 1.0,
    "cjk_frac": 0.005555555555555556,
    "mean_norm": 151.87156677246094
  },
  "L23": {
    "layer": 23,
    "cos_same_layer": 0.7993090324931674,
    "cos_vs_L20": 0.8398311545451482,
    "cos_shuffled": 0.282435830268595,
    "vec_cos_to_L20": 0.7904857314295239,
    "tag_ok_frac": 1.0,
    "cjk_frac": 0.005555555555555556,
    "mean_norm": 189.55299377441406
  },
  "L24": {
    "layer": 24,
    "cos_same_layer": 0.7456168880065283,
    "cos_vs_L20": 0.8293836464484533,
    "cos_shuffled": 0.2910954797019561,
    "vec_cos_to_L20": 0.7259296082788044,
    "tag_ok_frac": 1.0,
    "cjk_frac": 0.011111111111111112,
    "mean_norm": 239.31488037109375
  },
  "L26": {
    "layer": 26,
    "cos_same_layer": 0.6365835181540913,
    "cos_vs_L20": 0.7938733084334267,
    "cos_shuffled": 0.3046489369124174,
    "vec_cos_to_L20": 0.6089151129126549,
    "tag_ok_frac": 1.0,
    "cjk_frac": 0.027777777777777776,
    "mean_norm": 363.55975341796875
  },
  "L28": {
    "layer": 28,
    "cos_same_layer": 0.09293956393505343,
    "cos_vs_L20": 0.3981206133961678,
    "cos_shuffled": 0.02426819347666525,
    "vec_cos_to_L20": 0.12874811380687687,
    "tag_ok_frac": 0.9722222222222222,
    "cjk_frac": 0.1,
    "mean_norm": 332.66754150390625
  },
  "L20_rep": {
    "layer": 20,
    "cos_same_layer": 0.8557079546981388,
    "cos_vs_L20": 0.8557079546981388,
    "cos_shuffled": 0.28918065391480924,
    "vec_cos_to_L20": 1.0000000059604646,
    "tag_ok_frac": 1.0,
    "cjk_frac": 0.0,
    "mean_norm": 104.19120788574219
  }
}