{
  "arms": {
    "armC_8k": {
      "n": 3301,
      "cos_d": 0.551124612002265,
      "cos_d_ci": [
        0.5388181869821783,
        0.5629576577763518
      ],
      "cos_resid": 0.03959237380386943,
      "cos_resid_ci": [
        0.033262122556179025,
        0.045961416234480246
      ],
      "cos_beyondC": 1.2148692970940625e-11
    },
    "armT_8k": {
      "n": 3318,
      "cos_d": 0.56860260598191,
      "cos_d_ci": [
        0.5562614292876097,
        0.5804968601835744
      ],
      "cos_resid": 0.07150676845537345,
      "cos_resid_ci": [
        0.06493805728564958,
        0.07806645579729872
      ],
      "cos_beyondC": 0.11032309235227003
    },
    "armH_8k": {
      "n": 3315,
      "cos_d": 0.5641224506170184,
      "cos_d_ci": [
        0.551544441429859,
        0.5760908303148472
      ],
      "cos_resid": 0.06388637198406778,
      "cos_resid_ci": [
        0.0575087039532778,
        0.07021862281596349
      ],
      "cos_beyondC": 0.09934162413434086
    },
    "armZ_8k": {
      "n": 2893,
      "cos_d": 0.5473623986261535,
      "cos_d_ci": [
        0.5337663387266532,
        0.5602805330717581
      ],
      "cos_resid": 0.055846229451138055,
      "cos_resid_ci": [
        0.04900335135355726,
        0.06273820015715048
      ],
      "cos_beyondC": 0.06912434607950806
    }
  },
  "contrasts": {
    "armT_8k": {
      "n_shared": 3301,
      "delta": 0.03126311491080926,
      "delta_ci": [
        0.029421546310735045,
        0.033129834648290356
      ],
      "p_one_sided": 0.0,
      "p_holm": 0.0,
      "verdict": "MARGINAL"
    },
    "armH_8k": {
      "n_shared": 3301,
      "delta": 0.02399317999575826,
      "delta_ci": [
        0.02230496739962793,
        0.02566731214538137
      ],
      "p_one_sided": 0.0,
      "p_holm": 0.0,
      "verdict": "MARGINAL"
    },
    "armZ_8k": {
      "n_shared": 2876,
      "delta": 0.012896042441909571,
      "delta_ci": [
        0.011243799571783003,
        0.014509075179681209
      ],
      "p_one_sided": 0.0,
      "p_holm": 0.0,
      "verdict": "FAIL(null)"
    }
  }
}