{
  "full": {
    "real": 0.02089071963900199,
    "null": 0.006676176017890672,
    "margin": 0.014214543621111317,
    "margin_ci": [
      0.013798599516776302,
      0.014632746477481222
    ]
  },
  "src": {
    "real": 0.0037620388693875052,
    "null": 0.001254383354079812,
    "margin": 0.0025076555153076933,
    "margin_ci": [
      0.002360099497379901,
      0.0026606593142985174
    ]
  },
  "gate": "GO"
}