{
  "full": {
    "real": 0.018548386829081536,
    "null": 0.005890736059332806,
    "margin": 0.01265765076974873,
    "margin_ci": [
      0.012270321298673621,
      0.01304948459314257
    ]
  },
  "src": {
    "real": 0.00217192425826658,
    "null": 0.000725380296745884,
    "margin": 0.001446543961520696,
    "margin_ci": [
      0.0013285005437298927,
      0.0015681032141562253
    ]
  },
  "gate": "GO"
}