{
  "full": {
    "real": 0.08117021271077265,
    "null": 0.0070911089251504645,
    "margin": 0.07407910378562219,
    "margin_ci": [
      0.07303122894577548,
      0.07512937283566842
    ]
  },
  "src": {
    "real": 0.014716162847252287,
    "null": 0.0013632007090490178,
    "margin": 0.01335296213820327,
    "margin_ci": [
      0.012964008829992851,
      0.013749070155908398
    ]
  },
  "gate": "GO"
}