{
  "ridge_lambda": 10000.0,
  "ridge_holdout_R2": 0.31254874946192246,
  "arms": {
    "arm0p_8k": {
      "n": 2952,
      "cos_d": 0.7045941437388321,
      "cos_d_ci": [
        0.7001643101103854,
        0.708862676038955
      ],
      "cos_resid": 0.2953416224565862,
      "cos_resid_ci": [
        0.2913947881937674,
        0.29912474293724906
      ],
      "cos_beyond0p": 1.290718988002874e-11
    },
    "armA_8k": {
      "n": 2908,
      "cos_d": 0.6664194621558351,
      "cos_d_ci": [
        0.6605718542082599,
        0.671877306641733
      ],
      "cos_resid": 0.26589701226344126,
      "cos_resid_ci": [
        0.26157289216337454,
        0.2701241549969489
      ],
      "cos_beyond0p": 0.03862634664199921
    },
    "armB_8k": {
      "n": 150,
      "cos_d": 0.5700584978406974,
      "cos_d_ci": [
        0.547671245960495,
        0.591140072139186
      ],
      "cos_resid": 0.15665636188874138,
      "cos_resid_ci": [
        0.1380189841979414,
        0.17505409582099715
      ],
      "cos_beyond0p": 0.03412589881122288
    },
    "armA_full": {
      "n": 2908,
      "cos_d": 0.6761238414589268,
      "cos_d_ci": [
        0.670309132143898,
        0.6815406264308324
      ],
      "cos_resid": 0.2680587505697406,
      "cos_resid_ci": [
        0.2637333808347041,
        0.2722696855978413
      ],
      "cos_beyond0p": 0.04807203576446114
    }
  },
  "contrasts": {
    "armA_8k": {
      "n_shared": 2895,
      "delta": -0.02940504535631696,
      "delta_ci": [
        -0.031208699593865,
        -0.027676084268745457
      ],
      "p_one_sided": 1.0,
      "p_holm": 1.0,
      "verdict": "WORSE"
    },
    "armB_8k": {
      "n_shared": 150,
      "delta": -0.14773312252027657,
      "delta_ci": [
        -0.16044397342518485,
        -0.13509726703546956
      ],
      "p_one_sided": 1.0,
      "p_holm": 1.0,
      "verdict": "WORSE"
    }
  }
}