{
  "kl": {
    "zero_diff": {
      "mean": 0.5975334285526515,
      "median": 0.3594723790884018,
      "vs_pred_0p_z": 8.132773434604896,
      "p": 4.440892098500626e-16,
      "worse": true
    },
    "pred_A": {
      "mean": 0.390213466896616,
      "median": 0.23832200467586517,
      "vs_pred_0p_z": 3.6655315283972048,
      "p": 0.0002468253991465552,
      "worse": true
    },
    "pred_B": {
      "mean": 1.4048141638318283,
      "median": 0.6997980773448944,
      "vs_pred_0p_z": 9.901721457286246,
      "p": 0.0,
      "worse": true
    },
    "pred_0p": {
      "mean": 0.2674077968494733,
      "median": 0.17831239849328995
    },
    "_sanity_true_diff": {
      "mean": 0.0005537045434283646
    }
  },
  "bo16": {
    "n_pos": 150,
    "single_sample": 0.27339223630077886,
    "mean_of_16": 0.2740228525004231,
    "best_of_16_oracle": 0.29591136143060964,
    "best_of_16_permuted_null": 0.013039422782313112
  }
}