{
  "metrics": {
    "sycophancy": {
      "8": {
        "probe_acc": 0.76575,
        "probe_auc": 0.85022125,
        "md_acc": 0.5175000000000001,
        "md_auc": 0.5213762500000001
      },
      "12": {
        "probe_acc": 0.9395000000000001,
        "probe_auc": 0.9848649999999999,
        "md_acc": 0.5175000000000001,
        "md_auc": 0.582625
      },
      "16": {
        "probe_acc": 0.9905000000000002,
        "probe_auc": 0.99729625,
        "md_acc": 0.817,
        "md_auc": 0.88325625
      },
      "20": {
        "probe_acc": 0.99225,
        "probe_auc": 0.99801625,
        "md_acc": 0.79725,
        "md_auc": 0.9178025
      }
    },
    "neuroticism": {
      "8": {
        "probe_acc": 0.812,
        "probe_auc": 0.889015,
        "md_acc": 0.492,
        "md_auc": 0.49823500000000004
      },
      "12": {
        "probe_acc": 0.993,
        "probe_auc": 0.9998000000000001,
        "md_acc": 0.588,
        "md_auc": 0.73295
      },
      "16": {
        "probe_acc": 0.9984999999999999,
        "probe_auc": 0.999995,
        "md_acc": 0.8045,
        "md_auc": 0.907135
      },
      "20": {
        "probe_acc": 0.999,
        "probe_auc": 0.999995,
        "md_acc": 0.884,
        "md_auc": 0.9403
      }
    },
    "yellow": {
      "8": {
        "probe_acc": 0.774,
        "probe_auc": 0.8410550000000001,
        "md_acc": 0.466,
        "md_auc": 0.49812499999999993
      },
      "12": {
        "probe_acc": 0.8254999999999999,
        "probe_auc": 0.887465,
        "md_acc": 0.4665,
        "md_auc": 0.54838
      },
      "16": {
        "probe_acc": 0.9339999999999999,
        "probe_auc": 0.9771000000000001,
        "md_acc": 0.5549999999999999,
        "md_auc": 0.66647
      },
      "20": {
        "probe_acc": 0.9105000000000001,
        "probe_auc": 0.9681700000000001,
        "md_acc": 0.571,
        "md_auc": 0.6096650000000001
      }
    }
  },
  "resid_norm": {
    "8": 47.91335678100586,
    "12": 52.75549825032552,
    "16": 75.87330627441406,
    "20": 116.85612487792969
  }
}