{
  "n": 4196,
  "target_hit": 0.0,
  "source_hit": 0.0016682554814108675,
  "null_target": 0.00019070038569348163,
  "margin_ci": [
    -0.00019070038569348163,
    -0.00019070038569348163
  ],
  "gate": "FAIL",
  "by": {
    "type": {
      "antonym": [
        0.0,
        1678
      ],
      "discourse": [
        0.0,
        478
      ],
      "role_reversal": [
        0.0,
        877
      ],
      "entity_swap": [
        0.0,
        411
      ],
      "attribute": [
        0.0,
        752
      ]
    },
    "dist": {
      "near": [
        0.0,
        2770
      ],
      "far": [
        0.0,
        669
      ],
      "mid": [
        0.0,
        757
      ]
    }
  }
}