{
 "v3rl": {
  "quote_mark": {
   "frac": 0.13352205708893608,
   "excess": -0.029708363672037903,
   "lo": -0.035315776020157494,
   "hi": -0.024687406430972975,
   "in_q": -0.03967467133853974,
   "out_q": -0.02233942065047496
  },
  "newline": {
   "frac": 0.07436895494220334,
   "excess": -0.005181608373208171,
   "lo": -0.0061789986288765105,
   "hi": -0.004148812172234133,
   "in_q": -0.0002643282701469748,
   "out_q": -0.0060427535790889995
  },
  "line_first": {
   "frac": 0.08026657230478887,
   "excess": -0.035384219216733986,
   "lo": -0.04094086445591379,
   "hi": -0.0307605601062445,
   "in_q": -0.09263231127274452,
   "out_q": -0.0003075935126434294
  },
  "punct_only": {
   "frac": 0.044821891955649916,
   "excess": -0.0011420623713195696,
   "lo": -0.0033327719402982937,
   "hi": 0.0007308497089522501,
   "in_q": -0.0006380047523197532,
   "out_q": 7.665493603314847e-05
  },
  "stopword": {
   "frac": 0.08816937957065346,
   "excess": 0.004301953980469914,
   "lo": 0.002330353292074138,
   "hi": 0.006260076871072811,
   "in_q": 0.007534464839451765,
   "out_q": -0.0004202257658060389
  },
  "numeric": {
   "frac": 0.036211370606275065,
   "excess": 0.0007687857709283619,
   "lo": -0.0035580358578033077,
   "hi": 0.0071784293902258595,
   "in_q": 0.003871536290891431,
   "out_q": -0.0032199818884909156
  },
  "capitalized": {
   "frac": 0.10916489738145789,
   "excess": 0.002928321851672028,
   "lo": 0.00034232284926818843,
   "hi": 0.005509073626630243,
   "in_q": 0.009986136720480201,
   "out_q": -6.633423373047129e-05
  },
  "subword_cont": {
   "frac": 0.13682472281198396,
   "excess": 0.004535103330047406,
   "lo": 0.0019553539713153462,
   "hi": 0.00810109852399628,
   "in_q": 0.010873135367614582,
   "out_q": -0.002085477097879997
  },
  "cjk": {
   "frac": 0.0010025949516395377,
   "excess": -0.0002725746564227711,
   "lo": -0.011505278005785751,
   "hi": 0.006480995460158473,
   "in_q": NaN,
   "out_q": -0.0001157034912906314
  },
  "schema_word": {
   "frac": 0.040339702760084924,
   "excess": 0.0005554967413549537,
   "lo": -0.0005137158975679865,
   "hi": 0.0015399616614285487,
   "in_q": -0.001877024702189047,
   "out_q": 0.0007870929011320027
  },
  "after_quote_tok": {
   "frac": 0.13305024769992924,
   "excess": 0.022618267140545153,
   "lo": 0.018226772313975976,
   "hi": 0.02823549714758824,
   "in_q": 0.03503192952126295,
   "out_q": 0.004846743369608982
  },
  "line_last": {
   "frac": 0.07419202642132579,
   "excess": 0.003313373605969084,
   "lo": 0.0015370672443348185,
   "hi": 0.004771272972433065,
   "in_q": -0.000673147512329904,
   "out_q": 0.0025504987039505754
  },
  "in_quote": {
   "frac": 0.36671384760556736,
   "excess": -0.0030284492493114746,
   "lo": -0.004374087207250116,
   "hi": -0.001659625809338572,
   "in_q": NaN,
   "out_q": NaN
  }
 },
 "v3ws": {
  "quote_mark": {
   "frac": 0.06251843114125627,
   "excess": -0.0242405823952618,
   "lo": -0.03411820503076071,
   "hi": -0.016789899081108128,
   "in_q": -0.07579507400749251,
   "out_q": NaN
  },
  "newline": {
   "frac": 0.06583603656738425,
   "excess": -0.003264075590596518,
   "lo": -0.004219152749051633,
   "hi": -0.002369099978964735,
   "in_q": -0.006364510674055462,
   "out_q": -0.0028299441612098073
  },
  "line_first": {
   "frac": 0.07320849306989088,
   "excess": -0.03672754249284902,
   "lo": -0.041354002053084815,
   "hi": -0.032236800848785455,
   "in_q": -0.2238615104874389,
   "out_q": -0.01825215762560611
  },
  "punct_only": {
   "frac": 0.08168681804777352,
   "excess": -0.0006409026806525646,
   "lo": -0.0048305572251533145,
   "hi": 0.007709300872529593,
   "in_q": -0.007712376303041339,
   "out_q": -2.248571730060493e-05
  },
  "stopword": {
   "frac": 0.11095547036272486,
   "excess": 0.002623704828342335,
   "lo": 8.213618477243745e-05,
   "hi": 0.005224396793501584,
   "in_q": 0.02379747136240286,
   "out_q": 0.00044649360142112445
  },
  "numeric": {
   "frac": 0.034576820996756116,
   "excess": -0.011710137195419202,
   "lo": -0.02980087621457497,
   "hi": 0.0036692572863564676,
   "in_q": 0.0001584295587053243,
   "out_q": -0.01715048714079252
  },
  "capitalized": {
   "frac": 0.09539958714243586,
   "excess": -0.008866389092861629,
   "lo": -0.013813292214465218,
   "hi": -0.0042488726787526954,
   "in_q": 0.026171156988020642,
   "out_q": -0.014359647281490896
  },
  "subword_cont": {
   "frac": 0.13616927160129755,
   "excess": 0.018818903762223806,
   "lo": 0.010718841633400807,
   "hi": 0.02586676681784455,
   "in_q": 0.0581744587439559,
   "out_q": -0.0035464681762980817
  },
  "schema_word": {
   "frac": 0.12592155706281333,
   "excess": -0.01721820717727044,
   "lo": -0.02092433426874259,
   "hi": -0.014119913390685645,
   "in_q": 0.003771047625541942,
   "out_q": -0.013819156655082515
  },
  "after_quote_tok": {
   "frac": 0.06251843114125627,
   "excess": 0.03338685533193664,
   "lo": 0.024761813776277203,
   "hi": 0.042828572100954955,
   "in_q": 0.04868506748439163,
   "out_q": 0.011438117831485869
  },
  "line_last": {
   "frac": 0.06583603656738425,
   "excess": -5.3477392332808625e-06,
   "lo": -0.0013466725224532518,
   "hi": 0.0015007812826269393,
   "in_q": 0.020904066195887108,
   "out_q": -0.0008995979869252873
  },
  "in_quote": {
   "frac": 0.14059274550280154,
   "excess": 0.02098422511632574,
   "lo": 0.016113801712457382,
   "hi": 0.026351222345601503,
   "in_q": NaN,
   "out_q": NaN
  }
 }
}