length_lines,fve,n_samples_at_full
1,-0.336483,0
2,0.247438,0
3,0.722296,97
4,0.724380,99
5,0.727059,100
